post_id,raw_rag_score,gat_confidence_score,final_binary_label,rag_binary_intent,flipped,actual_label
t3_1c646vr,0.5604800625508453,0.3065359,0,1,True,0
t3_1bty8lv,0.5540055273179582,0.5192658,1,1,False,0
t3_18zou7z,0.5330107944807367,0.36857772,0,0,False,0
t3_1e92ld1,0.5285960873022012,0.29821384,0,0,False,0
t3_1e9anvl,0.5197310884190064,0.16440935,0,0,False,0
t3_1egvvq6,0.544627361374208,0.4373674,0,1,True,0
t3_1h9p2tg,0.5272257633662618,0.3122479,0,0,False,0
t3_1e2urlr,0.5270180629768336,0.27277207,0,0,False,0
t3_1fdg9vw,0.5591016332426152,0.667698,1,1,False,0
t3_1bzwql2,0.5544452519041466,0.72832185,1,1,False,0
t3_1haxc1x,0.5109054829365204,0.12409421,0,0,False,0
t3_1cs8kdg,0.4909836163669708,0.2734895,0,0,False,0
t3_1bcx9gf,0.5393712324497653,0.4544825,0,0,False,0
t3_1gaeehq,0.5172885506817227,0.24169326,0,0,False,0
t3_1cw6eyd,0.5113829246686142,0.1376267,0,0,False,0
t3_1e2tczq,0.526428413369116,0.26325908,0,0,False,0
t3_1e2tel0,0.526428413369116,0.39366323,0,0,False,0
t3_191kx15,0.4972338924991746,0.13949463,0,0,False,0
t3_1hby38p,0.5137557614797166,0.12480578,0,0,False,0
t3_1c2x1zl,0.5118890549231151,0.12372923,0,0,False,0
t3_1chkrbm,0.5851851284954213,0.88574463,1,1,False,0
t3_1gsyipo,0.5571888287141944,0.7413367,1,1,False,0
t3_1dzgqbx,0.5352445724024979,0.39828554,0,0,False,0
t3_1hh1nyq,0.5813451775678597,0.8766263,1,1,False,0
t3_1h9wbsp,0.5264279196583357,0.26325145,0,0,False,0
t3_1egyxiq,0.5495095296110026,0.6438897,1,1,False,0
t3_1gqc8l3,0.5442445716957169,0.5327198,1,1,False,0
t3_1gqkzxy,0.5306221210496255,0.33232933,0,0,False,0
t3_1dm8bxx,0.5299780314152845,0.32122302,0,0,False,0
t3_1amr01u,0.5127588421614127,0.1240328,0,0,False,0
t3_1e9k5pz,0.5385154139427567,0.44272712,0,0,False,0
t3_1al23q7,0.5151056869854556,0.1274553,0,0,False,0
t3_1e9009i,0.5215202155346019,0.1886314,0,0,False,0
t3_1haqzj7,0.515863122485641,0.1300962,0,0,False,0
t3_1cgyoxe,0.5387762932117366,0.4462682,0,0,False,0
t3_1eaapnw,0.5248709191512926,0.2393027,0,0,False,0
t3_1cij7ne,0.6054755982016574,0.9120045,1,1,False,0
t3_1hbt56o,0.5068480742660467,0.12857841,0,0,False,0
t3_1e2uu7l,0.5375163494523428,0.4292232,0,0,False,0
t3_1hdji89,0.5465547317491259,0.5806153,1,1,False,0
t3_1hbr6q6,0.4988600915265261,0.13791005,0,0,False,0
t3_1al5pix,0.5175645020012818,0.13920622,0,0,False,0
t3_1h0gyr3,0.5570035848475012,0.7413588,1,1,False,0
t3_1e2mv67,0.5053745572847749,0.13026299,0,0,False,0
t3_1dugxha,0.519875419130182,0.1662666,0,0,False,0
t3_1e9egm5,0.5088640607620649,0.1263036,0,0,False,0
t3_1e9f7qz,0.5088640607620649,0.1263036,0,0,False,0
t3_1felzip,0.5491675073823121,0.6369961,1,1,False,0
t3_1gqcvjk,0.5507579369265172,0.6680656,1,1,False,0
t3_1ghdkaf,0.5878025989753642,0.8902528,1,1,False,0
t3_1ascxmw,0.5825996011396327,0.8799594,1,1,False,1
t3_1fuin67,0.5644379903330701,0.61697406,1,1,False,1
t3_1fup05r,0.5320932709291838,0.35652873,0,0,False,1
t3_1fu4gqj,0.5556172649893546,0.7303026,1,1,False,1
t3_1fu4k05,0.5699429494034532,0.6322036,1,1,False,1
t3_1fujvvr,0.567449078860343,0.7438134,1,1,False,1
t3_1e9ug9h,0.5421838653037099,0.36932722,0,0,False,1
t3_1909yjx,0.4930625007991818,0.1376267,0,0,False,1
t3_1bq6j52,0.5486944667736197,0.62710035,1,1,False,1
t3_1bp8c3b,0.5012597138308641,0.135067,0,0,False,1
t3_1fuiotn,0.5730633358342851,0.47781286,0,1,True,1
t3_1e9mw7j,0.5187045135013949,0.15180966,0,0,False,1
t3_1e9kttt,0.5353873962614926,0.4198645,0,0,False,1
t3_1hi4369,0.5533563169727556,0.7127157,1,1,False,1
t3_1ah6y19,0.5336543505113568,0.37704578,0,0,False,1
t3_1ecmiqq,0.552645820815107,0.67668897,1,1,False,1
t3_1advbvi,0.5731997377447647,0.81670505,1,1,False,1
t3_1fv7eqb,0.5808779486016579,0.8753286,1,1,False,1
t3_1eo273c,0.5842867661793066,0.8839793,1,1,False,1
t3_1eabaei,0.5306314905137153,0.46803892,0,0,False,1
t3_1fegj9p,0.514646430030512,0.1261717,0,0,False,1
t3_1enarn4,0.5294988654163952,0.528749,1,0,True,1
t3_1ee7l2q,0.5346956533521843,0.62015104,1,0,True,1
t3_1fuketq,0.5764699478333665,0.85064906,1,1,False,1
t3_1elwzi9,0.5437664590757587,0.5232528,1,1,False,1
t3_1eltqk1,0.531826312341154,0.5192658,1,0,True,1
t3_1ecki3k,0.5224636799147409,0.20245531,0,0,False,1
t3_1ea8sop,0.5448552336036062,0.54505306,1,1,False,1
t3_1ebwka0,0.518375776337693,0.14805341,0,0,False,1
t3_1emdgrs,0.5706169834561339,0.77799976,1,1,False,1
t3_1eyns4q,0.5688537182600688,0.7552003,1,1,False,1
t3_1aeb4d6,0.5948165603869208,0.89960575,1,1,False,1
t3_1apzcj9,0.5216347115241541,0.19027111,0,0,False,1
t3_1bus66m,0.5379239145595747,0.43472072,0,0,False,1
t3_1bugn3d,0.5758278681060048,0.8448225,1,1,False,1
t3_1buz693,0.5967528071049621,0.9019679,1,1,False,1
t3_1em6ch9,0.5660854586273186,0.7349304,1,1,False,1
t3_1ad4nq9,0.562866649360392,0.7322021,1,1,False,1
t3_1fuve0b,0.5591287569256451,0.740259,1,1,False,1
t3_1fe1csz,0.5193873751694309,0.16005242,0,0,False,1
t3_1els21v,0.5575918709645261,0.74117017,1,1,False,1
t3_1e0aot2,0.5206549571389696,0.17659083,0,0,False,1
t3_1aeqzza,0.548312992850133,0.6188522,1,1,False,1
t3_1ephw6l,0.5655385539793419,0.73266,1,1,False,1
t3_1ead0ab,0.5186992443640167,0.1517485,0,0,False,1
t3_1dy4v8d,0.5295820268222936,0.31449282,0,0,False,1
t3_1em1dxo,0.556171327582927,0.7410547,1,1,False,1
t3_1agjn45,0.5789099650107884,0.86713177,1,1,False,1
t3_1adz0uy,0.5814838107164911,0.8770074,1,1,False,1
t3_1en336a,0.5516032179514206,0.6835499,1,1,False,1